SpotLocation,Pixel
1,57.07889277
2,60.20797289
3,58.42088668
4,103.4842983
5,151.5585695
6,174.1034175
